"ID","Description","GeneRatio","BgRatio","RichFactor","FoldEnrichment","zScore","pvalue","p.adjust","qvalue","geneID","Count"
"GO:0051052","regulation of DNA metabolic process","440/12050","481/18842",0.914760914760915,1.43036723285686,12.7353308009171,1.87941969871833e-45,1.10509878284638e-41,1.10509878284638e-41,"POT1/BRCA1/SF3B5/RMI2/KLHL15/SRC/H1-0/ID3/SHLD1/METTL4/USP51/FGF2/JADE3/TFIP11/BCL7B/SMG6/ATXN7L3/HNRNPD/MLH1/SUPT20H/PHF10/DUSP1/DEK/TERF2/CCT4/WEE1/ENDOG/MORF4L2/IL6/CCT2/CHRAC1/POLQ/ING3/HMGB1/TADA2B/ACTR5/DDB1/NFRKB/ANKRD17/VEGFA/PARPBP/ATM/CTNNB1/HSF1/TEN1/TIMELESS/CBX8/DFFA/ENY2/ZNF365/HDGFL2/UBQLN4/DYNLL1/SETD7/RAD51AP1/CDC7/MCM3/TOP2B/ACTB/RBX1/ATXN7/NVL/EPC2/XRCC5/ACD/PPP4R2/TEX15/ATR/ERCC8/KAT2A/RPS3/AURKB/EP400/UBE2N/FAM168A/RIF1/KMT5A/MAPK15/ZCWPW1/ARID2/RAD17/DCP2/DTL/PRMT1/PARG/KDM1A/ATRIP/RNF126/PELI1/H1-10/RFC2/INO80C/SGF29/DPF3/DFFB/KCTD13/MCM7/AGER/HNRNPA1/ARID1B/PMS2/RADX/XRCC1/INO80/KLF4/HNRNPC/SIRT6/CACYBP/TAF5L/SETD2/GNL3/BCL7C/KPNA2/MCIDAS/TNFSF4/CCDC117/RTEL1/ABRAXAS1/RFC5/TFPT/CDK2/CCT3/CSNK2A1/TAF4/RAD50/EID3/DBF4/YEATS4/HELQ/H2AX/EPC1/RNF168/HELB/TICRR/TMEM161A/BRPF3/FBXO4/POLG2/CYREN/MAPK3/BAX/EREG/SMCHD1/SENP3/HNRNPA2B1/PTGES3/SMG5/MYC/EGFR/ANKRD1/H1-2/ATRX/FMN2/TERF2IP/UBE2V2/USP7/TAF6/TP53/PPP4R3B/DNA2/EXOSC10/SMARCD3/BARD1/DPF1/ING4/USP1/CHEK1/UCHL5/MCRS1/TINF2/SUPT7L/PIAS4/ACTL6A/ATF1/PBRM1/ESCO1/AUNIP/PRKD2/CHTF8/KMT5C/SLC15A4/SUPT3H/RAD52/HDAC10/CHTF18/SLX4/PRKCQ/AXIN2/OTUB1/BABAM1/SETMAR/DKC1/MBTD1/CGAS/SH2B1/ELOB/TAF2/GMNN/FBXO5/ARID1A/GTPBP4/DMAP1/NBN/ANKLE1/PDS5A/CDKN1B/SMARCE1/NPAS2/CAMSAP3/TTF1/UBE2V1/BRD7/TADA1/PRKCD/PML/FH/MORF4L1/KDM4D/PARP3/BRCC3/CCNA2/TADA3/CUL2/MAGEF1/PCNA/SLF2/MAP3K4/SLX1A/NABP2/TAF10/ORC5/HMGA2/WRN/KMT5B/TGFB1/SMC5/ZBTB38/MCM6/TENT4B/SMARCA2/TNFSF13/PLK1/E2F8/MEAF6/MGMT/POLE3/DSCC1/STOX1/TNFAIP1/CASP3/KAT2B/TAF7/YY1/RIOX1/WAPL/POLH/NIBAN2/APLF/MAPK1/NEK2/SMC3/SMARCB1/CDC25A/NEK7/RNF8/SKP2/PNKP/MRNIP/HDAC8/SMARCD2/FUS/TERF1/TAF9/ESCO2/PDGFRB/TRIM28/MRE11/SMG1/KAT5/UPF1/KAT7/JADE1/SMARCA4/NUDT16L1/INO80D/ERCC4/SPIRE2/EYA2/MSH2/BAZ1A/WIZ/FANCB/CDC6/DHX36/HSP90AA1/CCT8/ERCC1/PKIB/PTK6/FGFR4/RFC4/TP53BP1/CUL4B/LIG3/C1QBP/CDK1/BLM/WAS/SUB1/DPF2/SIRT1/PPP1R10/SPIDR/IL7R/WDR48/NUCKS1/PRKCG/SLFN11/TCP1/MAD2L2/SLF1/SMC6/OBI1/MRGBP/CLCF1/CTC1/FBH1/ORC3/WRAP53/TWIST1/PPP4R3A/TIPIN/PPP4C/TIGAR/CCT7/NAT10/PARP1/PAXIP1/GLI2/SMARCAD1/SMARCD1/RNF169/DYRK1A/EHMT2/JADE2/TAF12/ELOC/ATAD5/TFRC/VPS72/RUVBL2/PRKDC/LRR1/POLB/SMARCC1/ACTR2/INO80E/SMARCA5/MAPKAPK5/RUVBL1/SMARCC2/MAP2K7/SLX1B/SPIRE1/CEBPG/FOXM1/CUL4A/PARN/CCT6A/ERCC6/HNRNPU/SF3B3/APTX/AKT1/RBBP6/NAF1/SSBP1/NSMCE4A/SHLD3/TSPYL2/PINX1/CREBBP/MSH6/USP37/DBF4B/HMCES/UCN/PIF1/TNKS2/EP300/NSMCE2/DHX9/CDK9/BRD8/UIMC1/EYA4/BABAM2/BCL7A/TDP1/E2F7/CDT1/GNL3L/XRN1/TNKS/SHLD2/NSMCE1/TRRAP/CCT5/BCL6/ACTR8/MSH3/NSMCE3/STN1/FIGNL1/ING5/PDGFB/WRNIP1/EYA3/RPA2/SUPT6H/LMNA/KPNA1/INO80B/S100A11/SIRT7/ERCC2/OGG1/MCM4/TAF6L/RFC3/TAF5/CDKN1A/RAD51/DDX11/USP22/FAF1/MCM5/YLPM1/ABL1/MCM2",440
"GO:0042254","ribosome biogenesis","314/12050","329/18842",0.954407294832827,1.49236035263403,12.0002220461471,2.44658918909569e-43,7.19297221594132e-40,7.19297221594132e-40,"EIF5/BYSL/IMP4/ZNF574/SNU13/WDR18/RPUSD1/DHX37/GNL2/TBL3/MPHOSPH6/AATF/TFB1M/PIH1D1/RIOX2/FBL/MTG2/DIS3/MYBBP1A/NIP7/WDR36/NPM1/LYAR/MTREX/DDX49/RPL27/PA2G4/RPSA/RIOK3/RPL7/IMP3/TSR3/RPS27A/RPUSD4/EIF4A3/DDX28/SART1/PES1/EXOSC8/DDX52/RCC1L/DDX54/GLUL/EMG1/NMD3/NHP2/EXOSC1/AK6/EXOSC9/NOA1/NOL7/NVL/XRCC5/RAN/KRI1/EXOSC2/DHX30/DDX3X/WDR55/XPO1/TEX10/SPOUT1/ZNHIT6/RPL37/PWP1/PAK1IP1/RPL11/NOP16/ERI2/SUV39H1/RPS24/PIH1D2/TSR2/WDR77/POP5/NOP2/UTP4/DDX10/RPS9/RPS28/ZNF593/PRMT5/EXOSC7/RPS12/RRP15/RPS15A/DDX56/EBNA1BP2/POP7/WDR43/GTPBP10/LSM6/CINP/NOL9/SDE2/RBIS/NSUN6/RPS27L/RPP40/RPL7A/UTP3/PDCD2L/FTSJ3/GTF3A/NSA2/RPS11/RPF1/RPS25/PDCD2/RPS5/REXO5/RRP1B/ZNF658/RIOK2/METTL15/WDR75/RNASEL/UTP18/WDR46/RPS14/DDX51/SENP3/EIF1AX/UTP20/EXOSC4/NOP53/PPAN/CDKN2A/EXOSC10/NSUN5/RPS19BP1/RPS19/RPS4X/UTP14A/TMA16/ABT1/TSR1/RPS27/MYG1/RBFA/METTL5/NDUFAB1/DKC1/RRP7A/MALSU1/RPS16/ZNF622/MPV17L2/DDX47/GTPBP4/RIOK1/WDR74/RRP8/YTHDF2/BRIX1/FDXACB1/UTP25/PIN4/RPL35A/RPUSD2/LAS1L/UTP6/FRG1/NOL8/TRMT112/MTERF4/DROSHA/MRPS2/RPL26/RBM34/ESF1/METTL18/TENT4B/WBP11/ERAL1/NOC2L/RRP36/WDR12/RPP38/RBM10/RPS15/KAT2B/NOL10/SLX9/REXO1/EIF6/SDAD1/RSL24D1/RPP30/USP16/RPLP0/RPS17/TRMT61B/RPL7L1/NUP88/CHD7/NUDT16/ZCCHC4/METTL25B/RPSA2/UTP11/SURF6/TFB2M/WDR3/DDX55/RRP9/LTO1/NOP10/YBEY/NOM1/MCAT/CUL4B/URB2/C1QBP/COPRS/NOL6/MRM1/PNO1/RPS7/ZNHIT3/BMS1/RPL35/RPL14/MRM2/MAK16/PDCD11/MDN1/NOP9/RPS13/DDX27/EXOSC6/NSUN4/BOP1/ISG20/DDX18/GTPBP6/EIF2A/DNTTIP2/EFL1/MRM3/HEATR3/SBDS/NAT10/TUFM/RPS8/URB1/METTL16/DHX29/PRKDC/ERI1/DDX17/USP36/FCF1/EXOSC3/FBLL1/HEATR1/DDX21/NGDN/NOL11/MPHOSPH10/FASTKD2/UTP23/REXO4/NOP56/KRR1/CUL4A/LTV1/RPS6/POP4/ERI3/TCOF1/NAF1/ISG20L2/MTG1/GRWD1/UTP15/NOP58/RPF2/TRMT2B/MTERF3/GEMIN4/RRP1/METTL17/FAU/NOLC1/RPL5/RPS21/NGRN/RCL1/GNL3L/LSG1/DDX31/NOC4L/DCAF13/NOP14/EIF5B/RPUSD3/NSUN3/RPS23/RPS3A/C1D/RRS1/MRTO4/SIRT7/FGF12/XRN2/BUD23/RPP25/GAR1/NOB1/PELP1/DIMT1/EXOSC5/SRFBP1",314
"GO:0006302","double-strand break repair","306/12050","320/18842",0.95625,1.49524170124481,11.9013140559601,8.17246058977525e-43,1.60180227559595e-39,1.60180227559595e-39,"POT1/PPP5C/BRCA1/FANCM/RMI2/KLHL15/SHLD1/C14orf39/USP51/TFIP11/BCL7B/RFWD3/SETX/PHF10/DEK/MORF4L2/EME2/POLQ/ERCC5/ING3/HMGB1/RAD51D/CSNK2A2/ACTR5/RPA3/PARPBP/ATM/HELLS/DTX3L/BRCA2/HSF1/TIMELESS/GEN1/ZNF365/HDGFL2/UBQLN4/RAD51AP1/MCM9/FANCD2/CDC7/MCM3/TOP2B/ACTB/RAD21L1/EPC2/XRCC5/PPP4R2/PDS5B/TRIP13/TEX15/ATR/ERCC8/ZBTB7A/EP400/UBE2N/RIF1/KMT5A/ZCWPW1/NABP1/ARID2/MMS22L/XRCC4/PRMT1/ASTE1/KDM1A/ATRIP/MCM8/RNF126/PELI1/TDP2/DPF3/MCM7/AGER/ARID1B/IFFO1/ZGRF1/NHEJ1/RADX/XRCC1/INO80/SIRT6/RPA1/SETD2/BCL7C/RAD54L/DCLRE1B/POLL/RTEL1/ABRAXAS1/NIPBL/CSNK2A1/RECQL5/RAD50/TOPBP1/EID3/RAD51B/VCP/SFPQ/YEATS4/UVRAG/CHEK2/HELQ/XRCC2/H2AX/DCLRE1A/EPC1/TENT4A/RNF168/KDM2A/HELB/CYREN/RHNO1/SMCHD1/SENP3/NSD2/MPND/POLM/PAXX/FMN2/TERF2IP/UBE2V2/PPP4R3B/DNA2/SMARCD3/INTS3/HTATSF1/DPF1/CHEK1/PIAS4/ACTL6A/TOP3A/PBRM1/AUNIP/KMT5C/RAD52/HMGB2/SLX4/CDC45/OTUB1/BABAM1/SETMAR/MBTD1/SAMHD1/INIP/RAD51C/ERCC6L2/CGAS/RAD54B/ARID1A/DMAP1/NBN/GGN/ANKLE1/SMARCE1/SFR1/PRPF19/BRD7/RMI1/PML/SWI5/FH/MORF4L1/KDM4D/PARP3/BRCC3/MAGEF1/TONSL/BRIP1/SLF2/MTA1/SLX1A/BRD9/NABP2/HMGA2/WRN/KMT5B/SMC5/MCM6/SMARCA2/RECQL4/PLK1/MEAF6/MGMT/YY1/CHD4/APLF/SMARCB1/RNF8/SKP2/PNKP/MRNIP/RBBP8/SMARCD2/FUS/MRE11/SMARCAL1/KAT5/SMARCA4/NUDT16L1/ZMYND8/ERCC4/SPIRE2/HSF2BP/FANCB/REC8/POLA1/XRCC3/ERCC1/HUS1/TP53BP1/ATP23/LIG3/C1QBP/BLM/PALB2/EXD2/WAS/AP5S1/DPF2/SIRT1/SPIDR/WDR48/NUCKS1/MAD2L2/SLF1/SMC6/FAN1/MRGBP/ZSWIM7/FBH1/WRAP53/TWIST1/PPP4R3A/PPP4C/PARP1/SMARCAD1/SMARCD1/EME1/RNF169/DYRK1A/VPS72/MCMDC2/RUVBL2/PRKDC/POLB/SMARCC1/ACTR2/PARP2/POLN/TNKS1BP1/RUVBL1/FEN1/SMARCC2/SLX1B/SPIRE1/ZFYVE26/FOXM1/BRME1/ERCC6/DDX1/XRCC6/NSMCE4A/SHLD3/CIB1/CREBBP/LIG4/HMCES/REV3L/NSMCE2/BRD8/UIMC1/BABAM2/BCL7A/GINS4/RECQL/UHRF1/TDP1/DCLRE1C/CDCA5/SHLD2/NSMCE1/TRRAP/ACTR8/NSMCE3/FIGNL1/MEIOC/PARP9/EYA3/RPA2/PSMD14/LMNA/HPF1/AP5Z1/POGZ/OGG1/MCM4/GINS2/MUS81/RAD51/DDX11/MCM5/RAD21/RNF138/SWSAP1/ABL1/MCM2",306
"GO:0016072","rRNA metabolic process","278/12050","288/18842",0.965277777777778,1.50935799907792,11.6023846176981,1.40333487289513e-41,2.06290226315584e-38,2.06290226315584e-38,"BRF1/BYSL/ANG/IMP4/SNU13/WDR18/RPUSD1/DHX37/TBL3/MPHOSPH6/AATF/TFB1M/PIH1D1/POLR1G/FBL/DIS3/POLR1H/POLR2K/WDR36/LYAR/MTREX/DDX49/RPL27/PA2G4/RIOK3/RPL7/IMP3/TSR3/RPUSD4/EIF4A3/SART1/PES1/EXOSC8/DDX52/GTF3C1/DDX54/SLFN5/POLR1B/EMG1/NHP2/EXOSC1/AK6/EXOSC9/NOL7/NVL/GTF3C2/KRI1/EXOSC2/WDR55/TEX10/SPOUT1/ZNHIT6/RPL37/PWP1/POLR2E/PAK1IP1/GTF3C4/RPL11/ERI2/SUV39H1/RPS24/POLR1D/PIH1D2/TSR2/WDR77/POP5/NOP2/UTP4/DDX10/POLR2L/TRIR/GTF3C5/RPS28/PRMT5/EXOSC7/RRP15/MAPT/DDX56/EBNA1BP2/POP7/WDR43/LSM6/NOL9/SDE2/NSUN6/NIFK/RPS27L/RPP40/RPL7A/UTP3/SLFN13/FTSJ3/GTF3A/NSA2/RPF1/RPS25/MACROH2A1/REXO5/RRP1B/RIOK2/METTL15/WDR75/RNASEL/UTP18/WDR46/RPS14/DDX51/SENP3/MYC/UTP20/EXOSC4/NOP53/PPAN/CDKN2A/EXOSC10/NSUN5/RPS19/UTP14A/ABT1/TSR1/RPS27/MYG1/RBFA/METTL5/DKC1/RRP7A/RPS16/POLR1E/TAF1B/DDX47/RIOK1/WDR74/RRP8/YTHDF2/BRIX1/FDXACB1/POLR2H/UTP25/PIN4/RPL35A/RPUSD2/LAS1L/UTP6/FRG1/NOL8/TRMT112/MTERF4/DROSHA/RPL26/MTOR/RBM34/ESF1/METTL18/TENT4B/WBP11/RRP36/WDR12/RPP38/RPS15/KAT2B/NOL10/SLX9/REXO1/EIF6/SMARCB1/POLR1F/RPP30/RPS17/TRMT61B/RPL7L1/GTF3C6/CHD7/SPIN1/NUDT16/NCL/ZCCHC4/METTL25B/UTP11/SMARCA4/GTF3C3/TFB2M/DEDD2/WDR3/DDX55/RRP9/SLFN12/IPPK/DIS3L/NOP10/YBEY/COPRS/NOL6/MRM1/PNO1/RPS7/ZNHIT3/BMS1/RPL35/RPL14/MRM2/MAK16/PDCD11/MDN1/POLR2F/NOP9/RPS13/DDX27/TOP1/EXOSC6/NSUN4/BOP1/ISG20/POLR1A/DDX18/CAVIN1/DNTTIP2/MRM3/SBDS/NAT10/RNF10/URB1/METTL16/PRKDC/ERI1/DDX17/POLR1C/USP36/FCF1/EXOSC3/FBLL1/HEATR1/DDX21/NGDN/NOL11/MPHOSPH10/UTP23/REXO4/NOP56/KRR1/RPS6/MARS1/SLFN12L/POP4/ERI3/TCOF1/NAF1/CREBBP/UTP15/NOP58/RPF2/TRMT2B/GEMIN4/RRP1/NOLC1/RPL5/RPS21/RCL1/XRN1/MACROH2A2/NOC4L/DCAF13/NOP14/RPUSD3/NSUN3/C1D/RRS1/MRTO4/SIRT7/XRN2/BUD23/RPP25/DDX11/GAR1/NOB1/PELP1/DIMT1/EXOSC5/SRFBP1",278
"GO:0016236","macroautophagy","341/12050","369/18842",0.924119241192412,1.4450003935724,11.4987735856921,6.83262405993704e-38,8.03516589448596e-35,8.03516589448596e-35,"VPS37A/STBD1/FEZ2/RAB2B/BECN1/LIX1L/UFM1/HTRA2/SRC/TMEM39A/PJVK/VPS16/WIPI2/ARL8B/QSOX1/RAB1A/SLC25A4/ATG13/SMURF1/ZNRF1/PIK3C3/AUP1/AP4M1/KLHL3/RNF213/VPS4B/OGT/VPS35/ATG4C/SREBF2/NIPSNAP3A/STAM/MAPK8/LGALS8/RAB3GAP1/TBC1D25/CSNK2A2/ULK3/SNX7/EXOC8/WDR81/RALB/ATM/GPSM1/CHMP1A/NIPSNAP3B/PARL/VPS37D/PRKAA2/UBXN6/CUL1/ATG7/UBQLN4/VAMP7/NIPSNAP1/SEC22B/ULK2/SPART/SQSTM1/RBX1/ZFYVE1/ATP6V0C/ATG10/ULK1/PHB2/CHMP1B/CALM1/PIK3R4/VPS13C/CCPG1/CLN3/VPS18/PEX2/VTI1B/VPS39/SPTLC1/ATP6V1G2/SNX14/VTA1/FUNDC1/TIMM23/FEZ1/CDK5RAP3/PGAM5/CAPNS1/USP33/PACS2/VPS37C/DELE1/RAB5A/SMCR8/VPS41/WDR24/ATG4D/LRBA/VPS13D/CTSK/RIMOC1/ATP6V0D1/TRIM13/ILRUN/TMEM41B/DDRGK1/RTN3/SNX30/GABARAPL2/RAB23/ATG4A/TSC2/ATP5IF1/CSNK2A1/UFC1/MAP3K7/ATP6V1E1/RAB7A/CHMP5/UFL1/VCP/TBC1D12/ATG2A/UVRAG/WDR45/CHEK2/HSPB8/SNAP47/FBXW7/RAB39A/ATG14/VPS26A/ERN1/GSK3A/FZD5/CHMP4B/TOMM7/RAB43/WIPI1/HTT/TSC1/MTM1/HUWE1/BNIP3/FYCO1/SNF8/GAA/VPS11/LRSAM1/GAPDH/STING1/TSG101/PPTC7/PIKFYVE/HDAC6/SH3GLB1/ELAPOR1/STUB1/RUBCN/EIF2AK1/WDFY3/PIK3CA/ATG16L1/CTTN/MUL1/SLC25A5/ATP6V0D2/LYPLA1/KDR/RHEB/UBXN2B/ADRB2/LZTS1/STX17/PLEKHM1/MFSD8/ATG2B/USP30/UCHL1/ATP6V1G1/HDAC10/SPG11/IFT88/EXOC4/MAP1LC3B/CERS1/PLAA/SUPT5H/UBXN2A/BNIP3L/TEX264/ATP6V0B/CDC37/TMEM74/GBA1/MFN2/VPS25/TBK1/PIP4K2B/CHMP2B/ATP6V1B2/SKP1/HGS/NIPSNAP2/RETREG2/CHMP4A/CHMP2A/VDAC1/EIF2S1/ATP6V1E2/MTOR/TBC1D14/GABARAPL1/ATP6V0A1/BAG3/UBE2A/LAMP2/CASP3/VPS36/DNM1L/PDCD6IP/TCIRG1/IKBKG/CHMP7/CHMP3/ATG5/ABI2/RB1CC1/CHMP6/C9orf72/CAPN1/STAM2/CALCOCO2/MTMR3/CDK5R1/ELAVL1/ATP6V1C2/TP53INP1/SNX6/KAT5/PIP4K2C/PHF23/PAFAH1B2/ATG12/TP53INP2/ATP13A2/ATP6V0E1/SNAP29/SNX4/GABARAP/SESN1/TSPO/FBXO2/PEX5/NBR1/TRAF6/VPS28/TECPR1/RAB2A/FBXO7/ATP2A2/WDR45B/TOM1/ARHGAP26/ACBD5/EI24/CLEC16A/FBXL4/SIRT1/VTI1A/SCOC/UBQLN2/ATG101/STX4/EXOC7/OPTN/UBQLN1/FKBP8/ZNRF2/MVB12A/NSFL1C/IFT20/VPS37B/SESN2/SCFD1/NUPR1/TRIM32/ATP6V1H/ATP6V0A2/CDK5/USP36/AMBRA1/YOD1/NEDD4/SPTLC2/PIP4K2A/ZFYVE26/RETREG3/CHMP4C/SNX18/MTMR14/IRGQ/GNAI3/MTMR8/AKT1/VPS26B/UBA5/ATP6V0E2/VPS13A/SREBF1/MOAP1/DNAJC16/EPG5/RETREG1/RAB33B/ATP6V1C1/SEC62/ARFIP2/HK2/SPATA33/WAC/RAB1B/EPM2A/TBC1D5/ATG9A/ATG4B/PRKACA/PSMD14/PINK1/MAP1LC3B2/EXOC1/RNF31/ATP6V1D/VPS33A/STX12/VPS4A/LARP1/ATP6V1A/VMP1/ATG3/EMC6/RAB3GAP2/SNX5/NRBP2",341
"GO:0033044","regulation of chromosome organization","239/12050","246/18842",0.971544715447154,1.519157305266,10.9170026050589,1.52129389994677e-37,1.49086802194783e-34,1.49086802194783e-34,"POT1/BECN1/RMI2/SRC/ANAPC11/BCL7B/SMG6/HNRNPD/TRAPPC12/PHF10/DUSP1/SPC24/TERF2/CCT4/INCENP/CCT2/ANAPC7/ACTR5/NFRKB/ATM/CTNNB1/TEN1/TAL1/GEN1/LCMT1/DYNLL2/DYNLL1/MAP3K20/NUF2/DYNC1H1/ACTB/NVL/ZNF207/XRCC5/APC/ACD/TRIP13/ATR/CUL3/AURKB/MAPK15/KLHL22/ARID2/DCP2/CDC27/HASPIN/CCNB1/INO80C/DPF3/HNRNPA1/ARID1B/ANAPC5/XRCC1/INO80/KLF4/HNRNPC/SIRT6/GNL3/BCL7C/SMC4/MAPT/RTEL1/TFPT/CDK2/CCT3/ZWILCH/NAA10/CTPS1/RAD50/MAD1L1/EID3/RNF4/BUB1/TPR/MACROH2A1/RIOK2/FBXO4/MAPK3/HNRNPA2B1/PTGES3/SMG5/MYC/UBE2C/ATRX/TERF2IP/USP7/TP53/EXOSC10/SMARCD3/HECW2/DPF1/UCHL5/MCRS1/TINF2/DYNLT1/ACTL6A/PBRM1/CDC16/SLX4/PRKCQ/AXIN2/CDC20/SETMAR/DKC1/FBXO5/ARID1A/NBN/SMARCE1/BRD7/PML/USP44/PARP3/MAD2L1/TEX14/SLF2/MAP3K4/SENP6/SLX1A/NABP2/DYNC1LI1/SMC5/TENT4B/SMARCA2/ANAPC15/PLK1/ESPL1/SPDL1/KAT2B/YY1/MAD2L1BP/WAPL/NUMA1/MAPK1/NEK2/NCAPH/SMARCB1/NEK7/SPC25/PNKP/DYNC1I2/HDAC8/SMARCD2/TERF1/NEK6/MRE11/SMG1/KAT5/UPF1/SMARCA4/CTCF/INO80D/ERCC4/ZW10/BIRC5/CENPE/CDC6/DHX36/HSP90AA1/XRCC3/CCT8/ERCC1/SMC2/PKIB/SKA1/CDK1/ANAPC2/CHFR/DPF2/SIRT1/PPP1R10/CENPV/SKA3/TCP1/DLGAP5/MAD2L2/SLF1/SMC6/RB1/NCAPD2/CTC1/WRAP53/CCT7/NAT10/PARP1/SMARCD1/BUB3/NCAPG/IK/ANAPC1/CENPF/TTK/RUVBL2/SMARCC1/INO80E/SMARCA5/MAPKAPK5/RUVBL1/FEN1/SMARCC2/MAP2K7/CDC23/SLX1B/DYNLT3/PARN/CCT6A/HNRNPU/NAF1/TACC3/NSMCE4A/PINX1/LIG4/BUB1B/PIF1/TNKS2/EP300/NSMCE2/DYNLRB1/KNTC1/BCL7A/ZWINT/CDCA8/GNL3L/XRN1/TNKS/CDK5RAP2/NSMCE1/CCT5/ACTR8/NSMCE3/STN1/BAZ1B/LMNA/INO80B/NDC80/DDX11/ANAPC4/RAD21/YLPM1/KNL1",239
"GO:0048193","Golgi vesicle transport","298/12050","319/18842",0.934169278996865,1.46071514978082,11.0539839905777,1.07080241143854e-35,8.99474025608371e-33,8.99474025608371e-33,"AP3M1/MCFD2/GOLGA2/ACSL3/COG3/CEP19/CSNK1D/LAMP1/RANGRF/RAB7B/COPZ2/RACK1/TMED1/SPTBN1/ARL8B/INSIG1/NAPG/ERGIC1/RAB1A/PRKCI/TRAPPC12/AP4M1/ERGIC2/SEC22A/ANK3/ALDH7A1/TM9SF4/STX10/AP1G1/SEC24A/TRAPPC6B/PREPL/WHAMM/PHAF1/GGA2/SPAST/RAB11FIP3/EXOC8/AP2A1/VAPB/ANK1/STX18/MYO1B/RAB34/MPPE1/ACBD3/BCAP31/KDELR2/AP2M1/TRAPPC3/GOLPH3L/SORT1/VAMP7/BET1L/ATP2C1/KRT18/TRAPPC2/TRAPPC8/GOLT1B/PRKD1/CYTH3/SEC22B/ATP9A/GOLGA5/RER1/SHISA5/VPS35L/YIPF5/TRAPPC13/RP2/SAR1B/PITPNB/NSF/CUL3/COPB2/NAPA/STX6/MAPK15/VPS13C/SEC23A/CORO7/AP1M2/DOP1B/CLN3/ARF5/COG4/CREB3L2/CSK/RAB4B/VTI1B/BBS2/PKDCC/SEC31A/RBSN/COPZ1/PREB/SEC24B/VPS51/TMED7/VPS41/SEC22C/VAMP5/AP1M1/COPG1/COPE/RAB10/GABARAPL2/RABGGTB/YKT6/RABGGTA/GAK/TRAPPC2B/SNX12/TMEM115/SNX3/MIA2/SEC16A/VCP/GAS1/UVRAG/LMAN2L/AP3S1/USE1/ERGIC3/KLHL20/RAB43/YIF1A/WIPI1/SNAP23/HTT/BCAP29/SEC24D/TMED2/COMMD1/COG8/SNX8/DOP1A/PDCD6/SCYL1/SURF4/BET1/STXBP5L/LYPLA1/TRAPPC11/LMAN1/COPA/STEEP1/STX17/AP3M2/GLTP/SNX1/CNST/EXOC4/YIF1B/TAPBP/TRAPPC4/ARFGEF2/TBC1D20/SEC24C/GOLGA4/TRAPPC5/TRIP11/BLZF1/COPG2/GCC2/EXOC2/SGSM2/SORL1/MIA3/RUFY1/STEAP2/KIF1C/KLHL12/SEC23IP/GOLPH3/SEC13/SEC23B/TBC1D14/LYPLAL1/KIF13A/LAPTM5/SCAMP2/RAB8A/ARF4/KIF16B/GOPC/LMAN2/AP1AR/GOLGA7/GOSR2/LLGL1/HYOU1/AP3S2/KDELR3/GGA1/TMED10/SYS1/MON2/CUX1/COG1/IER3IP1/CCDC91/GGA3/YIPF4/RAB6B/NKD2/BBS1/TRAPPC6A/USO1/ZW10/SPIRE2/EXOC6B/VPS54/PPP6C/ARF3/EXOC6/RAB2A/CCDC93/COPB1/RAB11A/TEX261/ARCN1/COG5/RINT1/VTI1A/VAMP4/OPTN/ARFGAP3/ANKFY1/BLTP3B/MACF1/TMED9/RAB14/COG2/GOSR1/PGAP1/ATP9B/SCFD1/RNF139/VAPA/AP3D1/COG7/TMED5/VAMP2/BNIP1/SPIRE1/CNIH4/RABIF/TRAPPC9/RAB26/EHD3/RABEP1/TMED3/RAB6A/VPS13A/MYO18A/DNM2/COG6/RAB3IP/EPS15/MYO5A/RAB33B/RAB31/VPS52/RAB1B/GBF1/ARL3/STXBP5/SAR1A/TMED4/CIDEB/LLGL2/SCAMP3/STX5/RAB13/TRAPPC10/ARFRP1/ARFGAP2/SCAP/PSMD14/SCAMP1/TFG/EXOC5/TRAPPC1/BICD2/TRAPPC2L/YIPF6/EXOC1/AP1G2/PEF1/NBAS/KDELR1/NRBP1/OSBPL5/PLPP3/SEC31B/RAB41/CCDC22",298
"GO:0007005","mitochondrion organization","330/12050","360/18842",0.916666666666667,1.43334716459198,11.0575620816536,8.62735048190447e-35,6.34110260419978e-32,6.34110260419978e-32,"SIRT5/PPARG/MTX2/BLOC1S2/CHCHD7/HTRA2/RAB29/MICOS13/PTCD2/MTCH2/COX11/DDHD1/TOMM6/RTL10/CIBAR1/ATF2/PLEC/LYRM2/BID/HIGD1A/AKT3/NDUFAF1/ENDOG/VPS35/SURF1/ROMO1/MPV17L/TIMM8A/TMEM11/GHITM/UQCC5/MT-ND5/MTFR1/DNAJC11/WDR81/BCL2A1/ACAA2/COA6/MTFP1/PARL/RHOT1/NDUFS3/TMEM186/MLLT11/RCC1L/FAM162A/COA7/ATAD3B/INF2/CYRIB/BBC3/SOD2/SQSTM1/NOA1/GSK3B/STOML2/TMEM242/IFIT2/ATP2A1/NDUFS8/PHB2/LETM1/UQCC6/NDUFS1/NDUFA6/VPS13C/MICOS10/CHCHD3/MIEF2/NUBPL/TOMM5/NDUFAF5/TERT/HIP1R/SDHAF2/FUNDC1/PET117/ATPAF1/PTPMT1/DMAC2/FEZ1/CCAR2/ADCK1/COA3/PUM2/SMIM20/OCIAD2/PGAM5/PNPT1/COX17/SIVA1/COX18/AFG1L/PRDX3/VPS13D/MIGA1/MAPT/PDE2A/TIMM8B/HSPA9/TIMM13/NDUFAF6/PHB1/SDHAF4/RALBP1/VDAC2/NDUFAF3/BMF/GPER1/NDUFAF4/FASTKD3/MARCHF5/BOK/FZD9/NDUFS4/DMAC1/PARK7/TMEM126A/THEM4/NME3/HSPD1/MFF/ATAD3A/GSK3A/PMAIP1/TOMM7/STAT2/MTM1/HUWE1/PRMT6/CASP6/BCL2L2/BNIP3/BAD/TOMM70/BAX/RAB32/TIMM22/GDAP1/MIEF1/NAIF1/SCO1/CLU/TIMM10/ATPAF2/SAMM50/COA5/TOMM40/TMEM14A/UQCC2/EDN1/TIMM21/FOXRED1/MTCH1/PRELID1/TOMM20/COA4/MUL1/SLC25A5/APOO/KDR/TP53/BCL2/SFN/MT-ND2/ATP5F1D/AIFM1/PLAUR/USP30/IFI6/WASF1/OXA1L/UQCRFS1/PSMD10/SLC35F6/AGK/BNIP3L/NPTX1/LETMD1/MFN2/FXN/AGTPBP1/MSTO1/MYO19/TRMT10B/CLUH/CASP2/SUPV3L1/NIPSNAP2/PPIF/MMP9/SMAD3/SCO2/ACAD9/GOLPH3/RHOT2/BIK/ZNF205/COX19/CLPP/SLC25A33/HSPA1A/TMEM135/GABPB1/UQCC3/IMMT/VAT1/STOX1/DNM1L/CEP89/NDUFAF2/NDUFAF7/BCS1L/PKD1/PLD6/STARD7/TOMM22/PLSCR3/PYROXD2/BCL2L11/PPARGC1A/STMP1/CHCHD2/RALA/TIMM10B/TRABD/MYH14/ATP13A2/CAV2/FMC1/TMEM70/LYRM7/VPS54/TIMMDC1/PET100/TTC19/TMEM102/ATP23/ATP7A/LIG3/LONP1/GGCT/CHCHD4/OPA1/SLC25A46/SDHAF1/NDUFS7/NDUFAF8/RAB5IF/AURKA/MARCKS/MFN1/PPM1K/CHCHD6/COX7A2L/PARP1/TIMM50/TFRC/EDNRA/NDUFS5/MTFR1L/OMA1/MT-ND6/PISD/FIS1/TIMM29/SDHAF3/RAP1GDS1/AIFM2/SPIRE1/LETM2/COX20/UQCC4/APOOL/MIGA2/PID1/SLC30A9/TNFSF10/AKT1/SSBP1/VPS13A/TIMM9/MOAP1/HSD17B10/SPG7/CAMK2A/EP300/COA8/HK2/NDUFA13/MCU/MCL1/NDUFC2/MICU1/TMEM223/THG1L/TRIAP1/UQCC1/BAK1/DNAJA3/TMEM126B/NOL3/CNTNAP1/YME1L1/MTFR2/MGARP/COX16/MT-ND1/UCP2/FANCG/PRKACA/ECSIT/PINK1/MAIP1/CASP1/SIRT7/NDUFS2/CMC1/TAFAZZIN/GPX1/COA1/MTX3/STPG1/COX14/ATG3/HIGD2A/SIRT4/MT-ND4/MTX1/BCL2L1",330
"GO:0006364","rRNA processing","229/12050","237/18842",0.966244725738397,1.51086996866082,10.5418387531917,1.15630169168746e-34,7.55450438569144e-32,7.55450438569144e-32,"BYSL/IMP4/SNU13/WDR18/RPUSD1/DHX37/TBL3/MPHOSPH6/AATF/TFB1M/PIH1D1/FBL/DIS3/WDR36/LYAR/MTREX/DDX49/RPL27/PA2G4/RIOK3/RPL7/IMP3/TSR3/RPUSD4/EIF4A3/SART1/PES1/EXOSC8/DDX52/DDX54/EMG1/NHP2/EXOSC1/AK6/EXOSC9/NOL7/NVL/KRI1/EXOSC2/WDR55/TEX10/SPOUT1/ZNHIT6/RPL37/PWP1/PAK1IP1/RPL11/ERI2/SUV39H1/RPS24/PIH1D2/TSR2/WDR77/POP5/NOP2/UTP4/DDX10/RPS28/PRMT5/EXOSC7/RRP15/DDX56/EBNA1BP2/POP7/WDR43/LSM6/NOL9/SDE2/NSUN6/RPS27L/RPP40/RPL7A/UTP3/FTSJ3/NSA2/RPF1/RPS25/REXO5/RRP1B/RIOK2/METTL15/WDR75/RNASEL/UTP18/WDR46/RPS14/DDX51/SENP3/UTP20/EXOSC4/NOP53/PPAN/CDKN2A/EXOSC10/NSUN5/RPS19/UTP14A/ABT1/TSR1/RPS27/MYG1/RBFA/METTL5/DKC1/RRP7A/RPS16/DDX47/RIOK1/WDR74/RRP8/YTHDF2/BRIX1/FDXACB1/UTP25/PIN4/RPL35A/RPUSD2/LAS1L/UTP6/FRG1/NOL8/TRMT112/MTERF4/DROSHA/RPL26/RBM34/ESF1/METTL18/TENT4B/WBP11/RRP36/WDR12/RPP38/RPS15/KAT2B/NOL10/SLX9/REXO1/EIF6/RPP30/RPS17/TRMT61B/RPL7L1/CHD7/NUDT16/ZCCHC4/METTL25B/UTP11/TFB2M/WDR3/DDX55/RRP9/NOP10/YBEY/COPRS/NOL6/MRM1/PNO1/RPS7/ZNHIT3/BMS1/RPL35/RPL14/MRM2/MAK16/PDCD11/MDN1/NOP9/RPS13/DDX27/EXOSC6/NSUN4/BOP1/ISG20/DDX18/DNTTIP2/MRM3/SBDS/NAT10/URB1/METTL16/PRKDC/ERI1/DDX17/USP36/FCF1/EXOSC3/FBLL1/HEATR1/DDX21/NGDN/NOL11/MPHOSPH10/UTP23/REXO4/NOP56/KRR1/RPS6/POP4/ERI3/NAF1/UTP15/NOP58/RPF2/TRMT2B/GEMIN4/RRP1/NOLC1/RPL5/RPS21/RCL1/NOC4L/DCAF13/NOP14/RPUSD3/NSUN3/C1D/RRS1/MRTO4/SIRT7/XRN2/BUD23/RPP25/GAR1/NOB1/PELP1/DIMT1/EXOSC5/SRFBP1",229
"GO:0007059","chromosome segregation","375/12050","420/18842",0.892857142857143,1.39611736810907,10.9352017669555,4.88826751052423e-33,2.87430129618824e-30,2.87430129618824e-30,"TUBGCP2/CLASP2/PSMC3IP/P3H4/MAP10/BRCA1/PPP2R1A/HAUS5/BECN1/GOLGA2/RMI2/HAUS2/DSN1/RAD18/NAT9/CSNK1D/SPICE1/C14orf39/RANGRF/CEP97/ANAPC11/PPP2R2D/TUBGCP4/BCL7B/ARL8B/NDE1/LATS1/MMS19/TRAPPC12/KIF23/H3-3A/PHF10/DUSP1/SPC24/INCENP/VPS4B/MSH5/ECT2/KLHDC8B/SPAG5/MAU2/RIOK3/PTTG1/CCDC86/PSRC1/ANAPC7/CSNK2A2/DDB1/MZT1/ATM/CHMP1A/KIF22/GEN1/LCMT1/DYNLL2/DYNLL1/MAP3K20/NUP43/CENPW/FANCD2/NUF2/DYNC1H1/MAP1S/TLK2/RMDN1/TOP2B/ACTB/NUP62/RAD21L1/GTF2B/ZNF207/PIBF1/MTCL1/MAP9/HAUS1/APC/RAN/TRIP13/TEX15/HAUS8/TUBG2/CUL3/PLSCR1/ARL8A/RPS3/CHMP1B/AURKB/ARHGEF10/SYCE2/KMT5A/MAPK15/ZCWPW1/KLHL22/ARID2/DDX3X/PMF1/CDC27/HASPIN/KNSTRN/CIAO1/CCNB1/H3-3B/DPF3/CHAMP1/PUM2/ARID1B/NTMT1/ANAPC5/CENPM/DCTN2/CENPA/INO80/BCL7C/CIAO2B/SMC4/PRICKLE1/CEP192/PPP1R7/ABRAXAS1/TOP2A/NIPBL/HAUS3/ZWILCH/HAUS7/CSNK2A1/RECQL5/CCDC66/HSPA1B/MAD1L1/RNF4/CHMP5/SKA2/STAG1/UVRAG/NUDC/RGS14/PPP2R2A/CHEK2/MKI67/BUB1/C9orf78/TENT4A/TPR/SYCP2/CHMP4B/BEX4/CENPK/CCSAP/STAG2/BAG6/CENATAC/RIOK2/SASS6/KIF14/KIF15/AKAP8L/CENPN/FLNA/PTEN/UBE2C/FMN2/KIF11/PUM1/SLC25A5/NR3C1/NCOR1/SMARCD3/HECW2/NAA60/SETDB2/DPF1/H3-5/DYNLT1/KIF2A/STIL/ACTL6A/SYCE1L/KIF18A/TOP3A/PBRM1/CDC16/RACGAP1/CDC20/TUBB8/RCC2/FBXO5/ARID1A/NDEL1/SMARCE1/CLASP1/LSM14A/BRD7/RHOA/WRAP73/CHMP2B/SHOC1/USP44/AURKC/TUBGCP6/MAD2L1/TEX14/POLDIP2/CHMP4A/SENP6/SIRT2/KIF4A/CHMP2A/DYNC1LI1/MND1/SMC5/HSPA1A/CENPU/SMARCA2/ANAPC15/PLK1/NCAPG2/CCNB1IP1/ESPL1/SPDL1/TUBGCP3/KAT2B/TLK1/MAD2L1BP/WAPL/SGO2/CCDC61/CHMP7/CHMP3/NUMA1/CHMP6/SUN1/NEK2/NCAPH/SMC3/SMARCB1/NEK7/SPC25/PPP2R1B/DYNC1I2/SMARCD2/CENPX/SEH1L/MAPRE3/NEK6/TUBGCP5/KAT5/NCAPD3/NCAPH2/SMARCA4/CTCF/ZW10/BIRC5/MISP/FIRRM/REC8/CENPE/CDC6/XRCC3/SMC2/STAG3/RCC1/SKA1/GEM/UBE2I/CDK1/KIF18B/ANAPC2/RAB11A/CHFR/BCCIP/ABRAXAS2/DPF2/SIRT1/CENPI/SGO1/SKA3/TTL/DLGAP5/CENPP/MAD2L2/SMC6/CENPT/SAC3D1/RB1/NCAPD2/PRC1/TOP1/SMC1A/CDCA2/BOD1/STARD9/CDC42/KPNB1/HJURP/SMARCAD1/SMARCD1/BUB3/NCAPG/IK/CENPS/ANAPC1/CENPF/TTK/CENPQ/SMARCC1/SMARCA5/KIF3B/SMARCC2/CEP85/CDC23/AAAS/DYNLT3/AKAP8/RAB24/KATNB1/CHMP4C/HNRNPU/NUP37/EML4/TACC3/PINX1/NSL1/USP9X/BUB1B/MAPRE1/GPSM2/NSMCE2/DYNLRB1/CENPL/KNTC1/CENPO/TTN/LZTS2/BCL7A/UHRF1/CENPC/ZWINT/CDCA8/CDT1/PPP1CC/TNKS/CDK5RAP2/CCDC69/HAUS4/KIF4B/DCAF13/DRG1/KIF2C/TUBG1/CEP63/MEIOC/MIS12/WASHC5/BAZ1B/SRPK1/RRS1/HDAC3/ITGB3BP/SIRT7/EML3/ERCC2/DIS3L2/PHF13/VPS4A/NDC80/KIFC1/NUSAP1/CIAO2A/CENPH/MAPRE2/TPX2/ANAPC4/RAD21/HAUS6/KNL1",375
"GO:0140053","mitochondrial gene expression","169/12050","170/18842",0.994117647058824,1.55445350256285,9.67254663465612,6.31209628793487e-32,3.37410237936882e-29,3.37410237936882e-29,"GADD45GIP1/MRPL44/MTPAP/MRPL23/GATC/METTL4/TFB1M/MTG2/METTL8/MRPL15/MRPS22/MTERF2/MRPS14/MRPL53/ANGEL2/MTRF1/RPUSD4/TRMT5/MRPL48/GTPBP3/MRPL3/CHCHD1/MRPL38/MRPL11/QRSL1/MRPS30/DDX3X/MRPL10/MRPL51/MRPS34/HARS2/MRPS18C/MRPL42/MRPL9/MRPL16/COA3/PNPT1/MRPS9/TRIT1/MRPL24/MRPL2/AARS2/TRNT1/KANSL3/TACO1/FASTKD3/MRPS12/TARS2/MRPL57/MRPS35/MTRFR/TRUB2/AURKAIP1/MRPS10/PRORP/UQCC2/MTIF2/RARS2/GFM1/OSGEPL1/MRPL27/MRPL19/ALKBH1/FASTK/OXA1L/MTIF3/MRPL14/MRPS27/MALSU1/MPV17L2/MTRES1/FOXO3/FASTKD5/MRPL32/PTCD3/MRPL40/MRPS23/PRKAA1/PUS1/MRPS21/MRPL30/MRPL35/MRPL55/MRPL36/SUPV3L1/MRPS18B/YRDC/MRPS2/RMND1/MRPS15/MRPL21/MRPS33/SLC25A33/MRPL54/LRPPRC/MRPS7/GFM2/MRPL4/MRPL22/CDK5RAP1/TRMT61B/MRPL43/EARS2/TFB2M/MTERF1/ELAC2/TEFM/MRPS24/TWNK/FASTKD1/MRPL28/GARS1/C1QBP/MRPL50/MRPL33/MTRF1L/MRPL47/MRPL39/KAT8/GATB/SLIRP/MRPL46/MRPL45/TFAM/MRPL52/TUFM/MRPL1/MTO1/MRPS11/YARS2/MRPS28/SARS2/MRPL18/DARS2/DAP3/FASTKD2/KANSL1/TBRG4/POLRMT/MRPL58/MTG1/HSD17B10/MRPS5/MRPS6/TRMU/MRPS31/MRPS18A/MTERF3/MRPL34/MRPS25/IARS2/TRMT10C/NGRN/MRPL17/TSFM/RPUSD3/NSUN3/LARS2/MRPL41/MRPL20/MRPS26/MRPL12/SHMT2/MRPS17/MRPS16/MRPL49/WARS2/MRPL37/MRPL13",169
"GO:0002181","cytoplasmic translation","208/12050","215/18842",0.967441860465116,1.51274187011483,10.0714781610057,7.50289734551654e-32,3.47961279667759e-29,3.47961279667759e-29,"METTL3/ZC3H15/EIF2S3B/EIF5/PELO/PABPC1/RPS10/RACK1/EIF3I/HNRNPD/PARP16/EIF3E/NPM1/RPL23/RPL27/RPLP1/RPSA/RWDD1/EIF2B1/RPL7/RPS27A/ASCC3/ANKZF1/YBX3/EIF2D/NCBP1/RPL10A/HBS1L/EIF3B/GIGYF2/RPS2/RPL18/RPS3/EIF3A/RPL36/SMYD5/RPL4/SKIC8/ALKBH3/RCHY1/CPEB2/EIF3C/RPL37/KLHDC10/LTN1/EIF3J/RPL11/RPL23A/RPS24/EIF3M/RPL10/SYNCRIP/CDK5RAP3/RPS9/NCBP2/SKIC2/RPS28/RPS12/EIF4A2/RPL39/RNF25/RPL27A/RPS15A/DENR/UNK/DDRGK1/TRIP4/TRNT1/IMPACT/MIF4GD/UFL1/VCP/RPL7A/ABCE1/EIF2B5/RPL17/EIF2B2/EIF3H/ZNF598/RPS11/TCF25/MTRFR/RPS25/ZNF385A/RPS5/NEMF/GAPDH/RPL19/RPS14/RPL15/MTIF2/RPL36A/RPL38/MCTS1/RPL29/RPS19/RPS4X/RPL24/RPL8/RPS27/EIF4A1/RBM24/SARS1/EPRS1/EIF2B3/PTRH1/RPL13A/PAIP1/RPS16/RPL37A/MTRES1/SKIC3/UFSP2/EIF4G1/YTHDF2/RPL35A/RPL32/CSDE1/RPL30/RPL22L1/CUL2/RPL18A/HHEX/RPL26/MTOR/FTSJ1/CPEB4/RPL9/ASCC2/RPS15/PKM/RNF14/EIF2B4/RPLP0/RPS17/RBM4/RPSA2/CPEB1/IGF2BP1/RPL21/EIF3D/DHX36/RPS7/RPL12/RPL35/EEF1D/RPL34/RPL14/RPL6/RPL26L1/RPS13/EIF3F/EIF3G/PIWIL2/FMR1/RPL41/RPS8/NCK1/RPS29/RPS26/NMNAT2/DHX29/RPL13/ETF1/CNBP/EIF4E2/YBX1/SAYSD1/GTPBP1/EIF3CL/GCN1/RPL22/ELAC1/NPLOC4/RPS6/RPS20/HNRNPU/EIF2AK2/MRPL58/RPL3/EEF2/EIF3K/RPL36AL/EIF2S2/DHX9/SH3BGRL/FAU/RPL5/RPS21/AARS1/RPL31/RPL28/MCTS2/SLBP/DRG1/RPS18/RPS23/RPS3A/DRG2/AKT2/RPL39L/UBA52/USP10/EIF3L/RPLP2/EIF2S3/UFD1/CPEB3",208
"GO:0006282","regulation of DNA repair","224/12050","234/18842",0.957264957264957,1.49682874064617,10.1861824476232,7.69302148925318e-32,3.47961279667759e-29,3.47961279667759e-29,"POT1/BRCA1/SF3B5/RMI2/KLHL15/SHLD1/USP51/TFIP11/BCL7B/ATXN7L3/SUPT20H/PHF10/DEK/TERF2/MORF4L2/POLQ/ING3/HMGB1/TADA2B/NFRKB/PARPBP/ATM/HSF1/TIMELESS/CBX8/ENY2/ZNF365/HDGFL2/UBQLN4/SETD7/RAD51AP1/TOP2B/ACTB/ATXN7/EPC2/PPP4R2/TEX15/ATR/ERCC8/KAT2A/RPS3/EP400/UBE2N/FAM168A/RIF1/KMT5A/ZCWPW1/ARID2/PRMT1/PARG/KDM1A/ATRIP/RNF126/PELI1/INO80C/SGF29/DPF3/AGER/ARID1B/RADX/XRCC1/INO80/SIRT6/TAF5L/SETD2/BCL7C/CCDC117/RTEL1/ABRAXAS1/TFPT/CSNK2A1/TAF4/RAD50/YEATS4/HELQ/H2AX/EPC1/RNF168/HELB/TMEM161A/CYREN/SMCHD1/SENP3/EGFR/FMN2/TERF2IP/UBE2V2/TAF6/PPP4R3B/SMARCD3/BARD1/DPF1/USP1/CHEK1/UCHL5/MCRS1/SUPT7L/PIAS4/ACTL6A/PBRM1/AUNIP/KMT5C/SUPT3H/RAD52/HDAC10/AXIN2/OTUB1/BABAM1/SETMAR/MBTD1/CGAS/TAF2/ARID1A/DMAP1/NBN/SMARCE1/NPAS2/UBE2V1/BRD7/TADA1/PRKCD/PML/FH/MORF4L1/KDM4D/PARP3/BRCC3/TADA3/MAGEF1/PCNA/SLF2/TAF10/HMGA2/KMT5B/SMARCA2/PLK1/MEAF6/MGMT/KAT2B/TAF7/YY1/RIOX1/POLH/APLF/SMARCB1/RNF8/SKP2/PNKP/MRNIP/SMARCD2/FUS/TAF9/TRIM28/MRE11/KAT5/KAT7/SMARCA4/NUDT16L1/INO80D/SPIRE2/EYA2/FANCB/TP53BP1/LIG3/C1QBP/WAS/DPF2/SIRT1/SPIDR/WDR48/PRKCG/MAD2L2/SLF1/MRGBP/FBH1/WRAP53/TWIST1/PPP4R3A/PPP4C/TIGAR/PARP1/SMARCD1/RNF169/DYRK1A/TAF12/VPS72/RUVBL2/PRKDC/POLB/SMARCC1/ACTR2/RUVBL1/SMARCC2/SPIRE1/CEBPG/FOXM1/ERCC6/SF3B3/APTX/SHLD3/CREBBP/EP300/DHX9/CDK9/BRD8/UIMC1/EYA4/BABAM2/BCL7A/TDP1/SHLD2/TRRAP/ACTR8/FIGNL1/EYA3/RPA2/SIRT7/OGG1/TAF6L/TAF5/RAD51/DDX11/USP22/ABL1",224
"GO:0010506","regulation of autophagy","324/12050","358/18842",0.905027932960894,1.41514824173022,10.5631487589331,2.0940045957029e-31,8.64367628707434e-29,8.64367628707434e-29,"CISD2/FEZ2/PLEKHF1/PIK3CB/BECN1/GOLGA2/TFEB/HTRA2/TMEM39A/NOD1/CTSA/QSOX1/SLC25A4/ATG13/RAB39B/PIK3C3/DRAM2/RRAGC/ENDOG/VPS35/SREBF2/KEAP1/RRAGD/STAT3/MAPK8/TRIM65/HMGB1/RAB3GAP1/TBC1D25/CSNK2A2/ULK3/SNX7/DDB1/EXOC8/RALB/ATM/GPSM1/PARL/PRKAA2/CUL1/UBQLN4/EEF1A2/NPRL3/PRKD1/TLK2/SEC22B/ULK2/SQSTM1/RBX1/GSK3B/ATP6V0C/MTCL1/ULK1/FOXK1/DEPP1/MAPK15/PIK3R4/KLHL22/VPS13C/USP20/CLN3/TRIM22/SPTLC1/ATP6V1G2/WDR41/FEZ1/TPT1/CDK5RAP3/CAPNS1/USP33/DELE1/SMCR8/WDR24/VPS13D/WASHC1/SETD2/WNK1/ATP6V0D1/MAPT/TRIM13/TAB2/ZKSCAN3/DDRGK1/CAMKK2/FOXO1/SNX30/MID2/TSC2/ATP5IF1/CSNK2A1/MAP3K7/MET/ATP6V1E1/BMF/BOK/UFL1/ATG2A/UVRAG/HSPB1/WDR45/HSPB8/PARK7/ITPR1/FBXW7/SLC7A5/ATG14/VPS26A/ERN1/GSK3A/FZD5/USP13/TOMM7/WIPI1/HTT/TSC1/MTM1/OSBPL7/HUWE1/BNIP3/FYCO1/BAD/LRSAM1/GAPDH/FOXK2/DCAF12/STING1/ATF6/DRAM1/SVIP/PPTC7/HDAC6/SH3GLB1/ELAPOR1/STUB1/CCNY/RNF152/RUBCN/DAPK3/EIF2AK1/PIK3CA/ATG16L1/CTTN/LAMP3/MUL1/SLC25A5/ATP6V0D2/LYPLA1/KDR/TMEM59/RHEB/BCL2/STK11/ACER2/ADRB2/SNRNP70/LZTS1/USP30/MTMR9/UCHL1/ATP6V1G1/GPR137/RASIP1/EXOC4/CERS1/GATA4/SUPT5H/BNIP3L/FOXO3/ATP6V0B/CDC37/DHRSX/GBA1/PRKAA1/EIF4G1/TRIB3/LEPR/DAP/TBK1/KDM4A/PIP4K2B/MAP2K1/ATP6V1B2/SKP1/SIRT2/XBP1/VDAC1/ATP6V1E2/RRAGB/MTOR/TBC1D14/RAB8A/ATP6V0A1/CISD1/TPCN1/BAG3/UBE2A/WDR6/ABL2/CASP3/DNM1L/IKBKG/ATG5/RB1CC1/C9orf72/ZC3H12A/CAPN1/CALCOCO2/CDK5R1/ELAVL1/ATP6V1C2/ROCK1/IFI16/TP53INP1/SNX6/KAT5/EEF1A1/RPGR/PIP4K2C/PHF23/PAFAH1B2/ATG12/ATP13A2/ATP6V0E1/SNX4/TRIM23/SESN1/TSPO/FBXO2/DEPDC5/PLK2/TECPR1/RMC1/FBXO7/TOM1/CUL4B/HAX1/EIF4G2/MLST8/TRIM8/CLEC16A/SH3BP4/FBXL4/SIRT1/SCOC/GPR137B/KAT8/UBQLN2/ATG101/EXOC7/OPTN/TRIM27/UBQLN1/FKBP8/CPTP/PIK3R2/DEPTOR/RPTOR/SESN2/SCFD1/FBXL2/RRAGA/PIM2/NUPR1/FLCN/TRIM32/HPSE/ATP6V1H/ATP6V0A2/STK38L/CDK5/USP36/TICAM1/TAB3/AMBRA1/NEDD4/TPCN2/SPTLC2/UBR4/PIP4K2A/TRIM21/PSAP/CUL4A/SNX18/IRGQ/IL10RA/GNAI3/MTMR8/AKT1/VPS26B/ERFE/ATP6V0E2/SREBF1/MOAP1/EP300/ATP6V1C1/HK2/WAC/MCL1/PIK3C2A/ORMDL3/EPM2A/PTPN22/DDIT3/VHL/SNCA/PRKACA/PSMD14/DAPK1/MTDH/PINK1/EXOC1/RNF31/ATP6V1D/DAPK2/USP10/PLK3/CDK16/LARP1/ATP6V1A/RAB3GAP2/SNX5/NRBP2/BCL2L1/ABL1",324
"GO:0008380","RNA splicing","428/12050","492/18842",0.869918699186992,1.36024963735115,10.7848653933048,2.20501946098835e-31,8.64367628707434e-29,8.64367628707434e-29,"PRPF3/METTL3/THUMPD2/SF3B5/RBM6/HNRNPR/PRPF18/JMJD6/HNRNPA1L2/ESS2/PABPC1/HNRNPA1L3/TRPT1/RP9/HNRNPLL/SNU13/LSM7/CDK12/METTL4/ZCCHC8/AKAP17A/MAGOHB/DHX38/TFIP11/USP49/PTBP1/ATXN7L3/SETX/IWS1/SUPT20H/RBM23/YTHDC1/PRPF31/RRAGC/RBM19/SNRNP40/SRSF1/WDR70/SLC38A2/SNRPF/MTREX/LSM5/ALYREF/TSEN15/SFSWAP/ZC3H10/SNRPA/TRA2A/SNRPD2/SNRNP200/YJU2/SNRNP48/ANGEL2/SNRPB/PUF60/TADA2B/LUC7L3/REST/BCAS2/NSRP1/SRRM2/CRNKL1/CDK11B/RPUSD4/EIF4A3/SCAF11/SART1/CCNL2/CASC3/ENY2/GCFC2/PIK3R1/CDC40/PDCD7/SRRM3/DHX40/PRPF40A/NCBP1/GEMIN6/SNIP1/HNRNPF/LSM3/PPP1R8/HNRNPH2/ATXN7/RBM42/RBM25/LSM2/PPP4R2/USP39/AHNAK2/CLK3/NKAP/KAT2A/ZBTB7A/RTRAF/CLK2/DDX5/RBM17/SRSF8/SF3B1/RBPMS2/PRMT1/SLU7/RNF113A/RNPC3/DDX42/SUGP1/SRSF4/DDX46/LSM1/SRSF2/SCAF1/SGF29/CDC5L/SREK1/CCAR2/RBM3/WDR77/CWC15/QKI/HNRNPA1/SYNCRIP/SMU1/NCBP2/SNRPG/TSEN2/ECD/KHSRP/UBL5/HNRNPC/ZMAT2/PRMT5/TAF5L/ARL6IP4/PCBP4/SYF2/ARGLU1/GPATCH1/HNRNPK/PTBP2/PPWD1/KHDC4/DBR1/MFAP1/LSM6/THRAP3/SDE2/SRSF5/PPIH/U2AF1/AAR2/ZNF830/ZRSR2/SFPQ/SF3A3/PRPF38A/THOC7/C9orf78/NONO/RBM48/ERN1/HNRNPUL2/CLP1/THOC2/CENATAC/RRP1B/SMN1/MBNL2/DNAJC17/SNRPA1/THOC1/TSSC4/HNRNPUL1/ILDR2/TCERG1/HABP4/AKAP8L/USP4/TIA1/HNRNPA2B1/TSEN34/RBM7/CWC22/H1-2/LSM10/SMN2/CLASRP/PRPF4/CD2BP2/SNW1/TXNL4B/PRPF39/CCNL1/RBMX/ZRANB2/HTATSF1/SNRNP70/RBM15B/SUPT7L/VIRMA/DDX41/RBM20/TARDBP/ZNF326/RBM41/FASTK/DHX8/RBM24/SUPT3H/TXNL4A/RBM11/DCPS/TGS1/SRSF9/SRSF10/RTCB/KHDRBS3/MBNL1/ISY1/RBPMS/BUD31/THOC3/DDX47/WBP4/SF3B4/SART3/PUS1/BUD13/PRPF19/RBM44/RSRC1/TADA1/COIL/SMNDC1/CLK1/ILF3/FRG1/TADA3/PPIG/RBM5/GRSF1/NOVA2/NRDE2/PSME3IP1/SRSF12/THOC6/TAF10/DHX16/TIAL1/SRSF3/RBM14/DDX23/SRSF7/HSPA1A/CELF5/XAB2/WBP11/CTNNBL1/U2AF2/SAP30BP/SF1/RBM10/FRA10AC1/KAT2B/RBM12B/POLR2A/C2orf49/PPIL4/PRMT7/PRKRIP1/FAM98B/ZNF638/SF3B2/PPIL3/SRSF6/ACIN1/RBM39/PPARGC1A/FUS/TAF9/RBM4/RSRP1/NCL/CLK4/METTL14/TMBIM6/TSEN54/PRDX6/CLNS1A/PYROXD1/ARVCF/RBM4B/CRIPT/SF3B6/RBM12/CWC25/PPP1R9B/LARP7/GEMIN8/PAXBP1/FAM98A/DHX15/ZC3H14/C1QBP/DDX20/RBM28/LSM4/RBFOX2/PSIP1/PPIL2/CELF1/RNPS1/U2AF1L4/ZBTB8OS/YJU2B/RPS13/FAM32A/SRPK2/BCLAF3/GEMIN5/GEMIN7/WDR83/RBMXL1/HNRNPL/SRSF11/SNRNP25/AHNAK/DHX35/HNRNPM/SNRPB2/NUP98/SNRNP27/PUS7/FMR1/RBM15/PQBP1/STRAP/SON/PLRG1/SF3A2/TRA2B/DYRK1A/CWF19L1/PPIE/CWC27/RBM8A/IK/ARMC7/PHF5A/CELF4/PRPF38B/METTL16/TAF12/ZCRB1/SNRPE/RPS26/GEMIN2/HNRNPH3/DDX17/LUC7L2/SRRM1/CIRBP/RALY/MPHOSPH10/YBX1/HNRNPU/SF3B3/DDX1/CDK13/CDK11A/RBM38/SNRNP35/RBM22/AQR/PNN/KHDRBS1/RBMX2/LGALS3/DHX9/GEMIN4/KIN/SNRPD1/PRPF40B/SUGP2/RBFOX3/LSM8/PRX/PTBP3/PRPF8/CACTIN/IVNS1ABP/SREK1IP1/RBM47/NOL3/TRRAP/ZPR1/SF3A1/SUPT6H/CWF19L2/SRPK1/DAZAP1/EFTUD2/ZC3H13/FAM50A/HSPA8/ESRP1/TAF6L/SCNM1/USB1/TTF2/SNRPD3/PPIL1/SNRPC/HNRNPH1/GPKOW/USP22/DDX39B/PRPF6/MAGOH/HNRNPA3/NOVA1/ZMAT5/DDX39A/LUC7L/SAP18/WTAP/THOC5",428
"GO:0000819","sister chromatid segregation","233/12050","246/18842",0.947154471544715,1.48101946496643,10.115028140521,8.10056664779969e-31,2.97695824306638e-28,2.97695824306638e-28,"CLASP2/MAP10/BECN1/GOLGA2/RMI2/NAT9/SPICE1/RANGRF/CEP97/ANAPC11/BCL7B/LATS1/KIF23/H3-3A/PHF10/DUSP1/SPC24/INCENP/VPS4B/SPAG5/PSRC1/ANAPC7/MZT1/ATM/CHMP1A/KIF22/GEN1/LCMT1/DYNLL2/DYNLL1/MAP3K20/NUF2/DYNC1H1/RMDN1/TOP2B/ACTB/NUP62/ZNF207/PIBF1/MAP9/APC/RAN/TRIP13/TUBG2/CUL3/CHMP1B/AURKB/ARHGEF10/KMT5A/MAPK15/KLHL22/ARID2/CDC27/HASPIN/KNSTRN/CCNB1/H3-3B/DPF3/CHAMP1/ARID1B/ANAPC5/DCTN2/CENPA/INO80/BCL7C/SMC4/PRICKLE1/CEP192/ABRAXAS1/TOP2A/NIPBL/ZWILCH/CCDC66/HSPA1B/MAD1L1/CHMP5/SKA2/STAG1/NUDC/CHEK2/BUB1/TENT4A/TPR/CHMP4B/CENPK/CCSAP/STAG2/RIOK2/KIF14/KIF15/AKAP8L/FLNA/UBE2C/KIF11/SMARCD3/HECW2/DPF1/H3-5/DYNLT1/KIF2A/ACTL6A/KIF18A/PBRM1/CDC16/RACGAP1/CDC20/FBXO5/ARID1A/SMARCE1/CLASP1/LSM14A/BRD7/RHOA/WRAP73/CHMP2B/USP44/AURKC/MAD2L1/TEX14/POLDIP2/CHMP4A/KIF4A/CHMP2A/DYNC1LI1/HSPA1A/SMARCA2/ANAPC15/PLK1/NCAPG2/ESPL1/SPDL1/KAT2B/MAD2L1BP/WAPL/CCDC61/CHMP7/CHMP3/NUMA1/CHMP6/NCAPH/SMC3/SMARCB1/SPC25/DYNC1I2/SMARCD2/SEH1L/NEK6/KAT5/NCAPD3/NCAPH2/SMARCA4/ZW10/BIRC5/MISP/CENPE/CDC6/XRCC3/SMC2/RCC1/SKA1/CDK1/KIF18B/ANAPC2/RAB11A/CHFR/BCCIP/ABRAXAS2/DPF2/SIRT1/CENPI/SKA3/DLGAP5/MAD2L2/RB1/NCAPD2/PRC1/SMC1A/BOD1/KPNB1/SMARCD1/BUB3/NCAPG/IK/ANAPC1/CENPF/TTK/SMARCC1/SMARCA5/KIF3B/SMARCC2/CDC23/AAAS/DYNLT3/AKAP8/KATNB1/CHMP4C/HNRNPU/EML4/TACC3/PINX1/NSL1/BUB1B/MAPRE1/NSMCE2/DYNLRB1/KNTC1/TTN/BCL7A/UHRF1/CENPC/ZWINT/CDCA8/CDT1/PPP1CC/CDK5RAP2/KIF4B/DRG1/KIF2C/TUBG1/MIS12/BAZ1B/RRS1/EML3/DIS3L2/PHF13/VPS4A/NDC80/KIFC1/NUSAP1/TPX2/ANAPC4/RAD21/KNL1",233
"GO:0051054","positive regulation of DNA metabolic process","250/12050","267/18842",0.936329588014981,1.46409312011438,10.17285863401,1.39197799564007e-30,4.81460624374331e-28,4.81460624374331e-28,"POT1/BRCA1/SHLD1/FGF2/BCL7B/HNRNPD/MLH1/PHF10/TERF2/CCT4/WEE1/ENDOG/MORF4L2/IL6/CCT2/ING3/HMGB1/NFRKB/VEGFA/ATM/CTNNB1/TIMELESS/CBX8/HDGFL2/RAD51AP1/CDC7/TOP2B/ACTB/NVL/EPC2/ACD/ATR/ERCC8/RPS3/AURKB/EP400/UBE2N/FAM168A/RIF1/MAPK15/ZCWPW1/ARID2/PRMT1/RNF126/PELI1/RFC2/INO80C/DPF3/KCTD13/AGER/HNRNPA1/ARID1B/PMS2/INO80/KLF4/SIRT6/CACYBP/GNL3/BCL7C/TNFSF4/CCDC117/RTEL1/ABRAXAS1/RFC5/TFPT/CDK2/CCT3/RAD50/DBF4/YEATS4/HELQ/H2AX/EPC1/RNF168/TMEM161A/BRPF3/FBXO4/POLG2/CYREN/MAPK3/BAX/EREG/SMCHD1/HNRNPA2B1/PTGES3/MYC/EGFR/ATRX/FMN2/TERF2IP/UBE2V2/DNA2/SMARCD3/DPF1/USP1/UCHL5/MCRS1/TINF2/PIAS4/ACTL6A/ATF1/PBRM1/PRKD2/CHTF8/KMT5C/HDAC10/CHTF18/SLX4/PRKCQ/BABAM1/SETMAR/DKC1/MBTD1/ARID1A/DMAP1/NBN/CDKN1B/SMARCE1/NPAS2/BRD7/PRKCD/PML/FH/MORF4L1/KDM4D/PARP3/BRCC3/CCNA2/PCNA/SLF2/MAP3K4/SLX1A/NABP2/WRN/KMT5B/TGFB1/SMARCA2/TNFSF13/E2F8/MEAF6/MGMT/DSCC1/TNFAIP1/CASP3/YY1/MAPK1/NEK2/SMARCB1/CDC25A/NEK7/RNF8/SKP2/PNKP/MRNIP/SMARCD2/FUS/TERF1/PDGFRB/TRIM28/MRE11/KAT5/KAT7/SMARCA4/INO80D/SPIRE2/EYA2/MSH2/BAZ1A/WIZ/FANCB/DHX36/HSP90AA1/CCT8/ERCC1/PKIB/PTK6/FGFR4/RFC4/TP53BP1/CDK1/WAS/DPF2/SIRT1/PPP1R10/SPIDR/WDR48/PRKCG/TCP1/MAD2L2/SLF1/MRGBP/CLCF1/CTC1/WRAP53/TIGAR/CCT7/PARP1/PAXIP1/GLI2/SMARCD1/DYRK1A/ATAD5/TFRC/VPS72/RUVBL2/PRKDC/SMARCC1/ACTR2/SMARCA5/MAPKAPK5/RUVBL1/SMARCC2/MAP2K7/SLX1B/SPIRE1/CEBPG/FOXM1/PARN/CCT6A/ERCC6/AKT1/NAF1/SSBP1/SHLD3/CREBBP/DBF4B/HMCES/UCN/TNKS2/DHX9/BRD8/UIMC1/EYA4/BABAM2/BCL7A/E2F7/CDT1/TNKS/SHLD2/TRRAP/CCT5/ACTR8/STN1/PDGFB/EYA3/ERCC2/RFC3/CDKN1A/DDX11/FAF1",250
"GO:0006260","DNA replication","287/12050","313/18842",0.916932907348243,1.43376347222038,10.3073213087027,1.85651534183216e-30,6.06461678331839e-28,6.06461678331839e-28,"BRCA1/FANCM/RMI2/CDC34/RAD18/SHMT1/ORC1/WDR33/ID3/METTL4/JADE3/WDR18/RFWD3/TERF2/WEE1/POLI/ENDOG/CHRAC1/CARM1/EME2/POLQ/ACTR5/DDB1/EXO1/RPA3/NFRKB/NT5M/ANKRD17/ASCC3/BRCA2/RNASEH1/TIMELESS/GEN1/ORC6/ZNF365/NFIB/DYNLL1/UBE2B/MCM9/CDC7/MCM3/RBX1/POLE/POLD3/ATR/PCLAF/UBE2N/ZRANB3/MMS22L/RAD17/DTL/RCHY1/ASCC1/MCM8/NFIX/RFC2/INO80C/KCTD13/MCM7/AGER/POLD1/PRIM2/INO80/RPA1/CACYBP/MCIDAS/MGME1/DONSON/POLL/RTEL1/RFC5/FAM111B/SUPT16H/TFPT/PHIP/CDK2/DUT/CINP/SDE2/RECQL5/RAD50/TOPBP1/ORC2/CHAF1A/DBF4/VCP/POLE2/TYMS/SSRP1/HELB/TICRR/BRPF3/POLG2/EREG/PRIMPOL/PURA/EGFR/ATRX/UBE2V2/DNA2/BARD1/ZBTB1/USP1/CHEK1/UCHL5/MCRS1/BOD1L1/ACTL6A/ATF1/ESCO1/CHTF8/CHTF18/SLX4/CDC45/POLD4/SETMAR/POLK/SAMHD1/POLG/RAD51C/ELOB/GMNN/FBXO5/GTPBP4/NBN/RRM2B/PDS5A/CDKN1B/LIG1/CAMSAP3/TTF1/UBE2V1/RMI1/POLA2/CCNA2/CUL2/TONSL/PCNA/POLDIP2/SET/SLX1A/ORC5/TRAIP/WRN/POLD2/ZBTB38/MCM6/ASCC2/RECQL4/PRIM1/E2F8/MEAF6/POLE3/UBE2A/DSCC1/RNASEH2A/NFIA/TNFAIP1/TK1/YY1/WAPL/FAAP20/POLH/CDK2AP1/MCM10/SMC3/CDC25A/PNKP/RBBP8/TERF1/FAM111A/ESCO2/CENPX/NFIC/MCMBP/MRE11/ASF1A/SMARCAL1/UPF1/KAT7/JADE1/INO80D/USP43/MSH2/BAZ1A/NASP/WIZ/CDC6/POLA1/XRCC3/TWNK/WDHD1/PTK6/RFC4/REV1/CUL4B/LIG3/CDK1/BLM/RBBP7/EXD2/PTMS/PARP10/NUCKS1/SLFN11/MAD2L2/RBBP4/OBI1/TOP1/CTC1/CHAF1B/SPRTN/FBH1/ORC3/TIPIN/RRM1/PARP1/GLI2/EME1/EHMT2/JADE2/CENPS/ELOC/ATAD5/ORC4/RUVBL2/LRR1/POLB/INO80E/LRWD1/AKTIP/SMARCA5/POLN/RUVBL1/FEN1/SLX1B/CUL4A/GINS1/POLRMT/RBBP6/SSBP1/TSPYL2/NAP1L1/GRWD1/USP37/DBF4B/UCN/RFC1/DTD1/REV3L/DHX9/ETAA1/CDK9/KIN/NOC3L/GINS4/RECQL/E2F7/CDT1/HLTF/NYNRIN/TBRG1/BCL6/ACTR8/ZPR1/STN1/TOP1MT/ING5/WRNIP1/RPA2/GINS3/INO80B/S100A11/DHFR/MCM4/RBMS1/RFC3/USP10/CDKN1A/GINS2/MUS81/RAD51/POLE4/DDX11/FAF1/MCM5/MCM2",287
"GO:0042176","regulation of protein catabolic process","356/12050","401/18842",0.887780548628429,1.38817934417069,10.4654771537794,3.15651325432191e-30,9.76857786074361e-28,9.76857786074361e-28,"MDM4/TRAF7/FBXO22/CSNK1D/LDLR/TMTC3/PSMD12/CTSA/RACK1/CSNK1E/MAPK9/RGP1/LATS1/SMURF1/PSMB4/DESI1/PPP2R3A/PSMA1/OGT/VPS35/RPL23/KEAP1/ZYG11B/WDR91/FBXW8/SNX33/HERPUD1/NUB1/PSMB2/BBS7/CSNK2A2/RNF185/DDB1/UBXN1/RIC1/LAPTM4B/PTK2/PSMA6/IRAK3/BAG5/ALAD/BCAP31/EGLN2/DAB2/PSMC4/F8A1/ZNF418/ATG7/UBQLN4/EEF1A2/PCSK9/DVL1/PSMB6/TLK2/SEC22B/CD81/SOCS5/TSPAN17/TSPAN5/RBX1/PSMD13/GSK3B/DDA1/TIMP1/PSMF1/APC/VGLL4/FHIT/NSF/F8A2/CST3/KAT2A/FBXO32/STK33/PSMA7/XPO1/GIPC1/DTL/SH3D19/PSMA4/RCHY1/TIMP2/RDX/PSMD1/RILP/RPL11/PSMD11/PSMA2/WDR20/TRIB1/CCAR2/QRICH2/ZDHHC2/SNX9/TNFSF12/NQO1/CDK5RAP3/OAZ3/ABCA2/AMER1/PSMC5/SIRT6/GLMN/PRICKLE1/FURIN/DDRGK1/FOXO1/GABARAPL2/PDCL3/PHB1/CDK2/ATP5IF1/SNX12/SGSM3/CSNK2A1/HIPK2/SNX3/HSPA1B/PACSIN3/TRIM39/RAB7A/TSPAN15/UFL1/VCP/USP5/CHEK2/PARK7/EIF3H/PHF20L1/FBXW7/GSK3A/USP13/BAG6/OSBPL7/CENATAC/PRMT6/SNF8/VPS11/PSME3/UBR3/COMMD1/MARCHF2/CLU/SVIP/DCAF1/TNFAIP3/USP25/STUB1/FLNA/TIPARP/PTEN/EGFR/NOP53/FMN2/RYBP/PABIR3/IL1B/USP7/LAMP3/PSMD3/AZIN1/CDKN2A/LRP1/BARD1/AXIN1/UCHL5/MARCHF7/CBX4/SNRNP70/FZR1/PIAS1/ADAM8/PSMD10/SNX1/AXIN2/CDC20/CSNK1A1/CEBPA/HSP90AB1/UBXN2A/RNFT1/ELOB/PSMC3/PTPN3/GBA1/TF/CDKN1B/TRIB3/RAD23B/PSMB3/PML/GNA12/SORL1/ANXA2/HGS/MAD2L1/SMAD3/SUMO2/PSEN1/PSME3IP1/SIRT2/XBP1/APOE/HSPA5/MDM2/MTOR/PSME2/BAG2/TMEM259/HSPA1A/LAPTM5/TNFRSF1B/PAQR3/PLK1/PSMD2/CAMLG/TGFB1I1/AZIN2/HECTD1/KAT2B/RNF41/HFE/PKD1/IKBKG/UBE3A/TMF1/CHMP6/ADRM1/PSMC2/TAF1/GGA3/STYX/TAF9/NKD2/ROCK1/OPHN1/EEF1A1/RHBDD1/HMGCR/ASB9/PSMB7/PSMD6/OAZ2/ATP13A2/F8A3/HSP90AA1/GABARAP/AQP11/COP1/FBXO2/ADGRB1/PLK2/VPS28/DNAAF4/RHBDF1/MSN/CDK1/ZER1/RPS7/RNFT2/PSMD7/MAP1A/SH3RF2/USP8/PSMD8/TRIB2/SIRT1/USP14/FBXL20/EGF/PRKCG/UBQLN2/MAD2L2/RAD23A/PSMC6/UBQLN1/NFE2L2/TMEM9/PABIR1/SGTA/ATRAID/N4BP1/SOCS4/UBB/FMR1/RNF139/APP/PSMD4/PTK2B/MYLIP/NUPR1/PSMA3/TRIM32/SEM1/TMX1/FOXF2/RNF180/NKD1/NEDD4/ECSCR/CSNK2B/PSME1/CTSC/CREBRF/CUL4A/NEURL3/SF3B3/AKT1/PSMB1/DACT1/ODC1/SMAD4/USP9X/ATXN3/PSMC1/OAZ1/USP38/DNAJB2/DAB2IP/WNT5A/WAC/NDUFA13/L3MBTL3/ADAM9/NUDT15/DET1/RPL5/ZNF268/PABIR2/PSMB5/STX5/PIN1/CYP51A1/CAV1/PSMA5/USP19/HSPBP1/SNCA/PRKACA/PSMD14/DMWD/ARAF/PANO1/PINK1/NRDC/SMAD7/IDE/SIK2/PLK3/SUMO1/GPX1/AGAP2/FAF1/EZR/MGAT3/CCDC22",356
"GO:0006399","tRNA metabolic process","202/12050","210/18842",0.961904761904762,1.5040837779095,9.7842894206824,8.97663305154784e-30,2.63913011715507e-27,2.63913011715507e-27,"DALRD3/THUMPD2/BRF1/ADAT2/ANG/WDR4/TRPT1/GATC/LAGE3/DICER1/OSGEP/QTRT2/METTL8/SSB/WARS1/LCMT2/TSEN15/RPP14/ANGEL2/TARS1/MPST/THUMPD3/TRMT11/ELP2/DPH3/RPUSD4/TRMT5/EXOSC8/GTF3C1/QNG1/CARS2/PTCD1/CTU1/EXOSC9/GTF3C2/GTPBP3/POLR3D/TARBP1/RNH1/RTRAF/ANKRD16/EXOSC2/DUS1L/QRSL1/TP53RK/HARS2/POLR2E/SEPSECS/NARS2/GTF3C4/NARS1/IARS1/POP5/POLR2L/DUS2/TRIT1/AARSD1/TSEN2/GTF3C5/RARS1/ELP6/EXOSC7/METTL1/POP7/LSM6/AARS2/TRNT1/TRMT9B/NSUN6/RPP40/TRMT1/TARS2/SLFN13/ELP4/TRUB2/CLP1/RPP25L/TYW5/PRORP/TSEN34/KTI12/TRMT6/AIMP1/RARS2/MARS2/PARS2/OSGEPL1/EXOSC10/ALKBH1/THUMPD1/SARS1/EPRS1/DTWD1/AIMP2/ZCCHC7/RTCB/TRUB1/ELP3/PUS1/TRMT10B/HARS1/LARS1/GRSF1/TRMT112/CDKAL1/YRDC/TYW3/FTSJ1/CTU2/RPP38/WDR6/C2orf49/FAM98B/BCDIN3D/PUSL1/RPP30/CDK5RAP1/TRMT61B/SLC35F2/GTF3C6/TRMT13/QARS1/EARS2/POP1/GTF3C3/TSEN54/PYROXD1/ELAC2/TRMT44/TRDMT1/FAM98A/CARS1/GARS1/VARS2/THADA/NSUN2/DARS1/URM1/FARSA/ADAT3/POLR2F/GATB/EEF1E1/ZBTB8OS/DTD2/RPP21/QTRT1/PUS7/NAT10/TRMT1L/KARS1/METTL2A/MTO1/YARS2/SARS2/LRRC47/VARS1/TYW1B/DARS2/EXOSC3/ELAC1/MARS1/DDX1/POP4/ALKBH8/AKT1/ADAT1/HSD17B10/TRMU/PUS10/DTD1/TRMT2B/ELP5/TARS3/TRMT10A/TPRKB/IARS2/TRMT10C/TYW1/MOCS3/THG1L/TRMO/AARS1/DTWD2/YARS1/TRMT61A/METTL2B/FARS2/NSUN3/LARS2/PUS3/POLR3A/ELP1/DUS3L/DUS4L/FARSB/RPP25/TRMT2A/WARS2/GON7/METTL6/MTFMT",202
